{
  "sha": null,
  "matrix": {
    "voip_C_01_CHOP_FA.wav": {
      "mos": 3.60373,
      "size": 21028,
      "bitrate": 19.45165490656964,
      "bitrate_target": 16,
      "time": 0.01098012924194336,
      "md5": "72f4abec40871a7565b8a3bfe5dbd1e5",
      "thresh": 2.5,
      "scenario": "voip",
      "filename": "C_01_CHOP_FA.wav"
    },
    "voip_C_02_CHOP_FA.wav": {
      "mos": 3.68391,
      "size": 20195,
      "bitrate": 19.16204595997035,
      "bitrate_target": 16,
      "time": 0.012759923934936523,
      "md5": "606e4f156900b1c9bf259ebe2b384a0b",
      "thresh": 2.5,
      "scenario": "voip",
      "filename": "C_02_CHOP_FA.wav"
    },
    "voip_C_01_COMPSPKR_MK.wav": {
      "mos": 3.50189,
      "size": 20965,
      "bitrate": 22.4594278711162,
      "bitrate_target": 16,
      "time": 0.014643669128417969,
      "md5": "f9a4dead16b42e76c1e235f454a89745",
      "thresh": 2.5,
      "scenario": "voip",
      "filename": "C_01_COMPSPKR_MK.wav"
    },
    "voip_C_02_COMPSPKR_MK.wav": {
      "mos": 3.50149,
      "size": 20125,
      "bitrate": 21.024279386294754,
      "bitrate_target": 16,
      "time": 0.022730350494384766,
      "md5": "735aa21296cc86e7fd504334c3d9ec05",
      "thresh": 2.5,
      "scenario": "voip",
      "filename": "C_02_COMPSPKR_MK.wav"
    },
    "voip_C_03_CHOP_FA.wav": {
      "mos": 2.95797,
      "size": 21785,
      "bitrate": 19.571163774526,
      "bitrate_target": 16,
      "time": 0.01691293716430664,
      "md5": "8fcee1c2052fa99badc323830c730e59",
      "thresh": 2.5,
      "scenario": "voip",
      "filename": "C_03_CHOP_FA.wav"
    },
    "vss_C_01_COMPSPKR_MK.wav": {
      "mos": 4.19294,
      "size": 36223,
      "bitrate": 38.80504916648901,
      "bitrate_target": 40,
      "time": 0.013975143432617188,
      "md5": "5ab42bebb1f84cf3cbf5cff375b55da2",
      "thresh": 3.0,
      "scenario": "vss",
      "filename": "C_01_COMPSPKR_MK.wav"
    },
    "vss_C_02_COMPSPKR_MK.wav": {
      "mos": 4.41249,
      "size": 42396,
      "bitrate": 44.29045211733428,
      "bitrate_target": 40,
      "time": 0.015318870544433594,
      "md5": "311a14df2fa109751b16c3399d78d9b0",
      "thresh": 3.0,
      "scenario": "vss",
      "filename": "C_02_COMPSPKR_MK.wav"
    },
    "vss_C_01_CHOP_FA.wav": {
      "mos": 4.10265,
      "size": 37696,
      "bitrate": 34.87015328885529,
      "bitrate_target": 40,
      "time": 0.017133712768554688,
      "md5": "359d4f2fcff8eaa72ca3c44f834581f0",
      "thresh": 3.0,
      "scenario": "vss",
      "filename": "C_01_CHOP_FA.wav"
    },
    "vss_C_02_CHOP_FA.wav": {
      "mos": 4.02919,
      "size": 36162,
      "bitrate": 34.31234988880652,
      "bitrate_target": 40,
      "time": 0.015486478805541992,
      "md5": "1da771209287960f28aaebf0c82cba41",
      "thresh": 3.0,
      "scenario": "vss",
      "filename": "C_02_CHOP_FA.wav"
    },
    "vss_C_03_CHOP_FA.wav": {
      "mos": 3.78267,
      "size": 38754,
      "bitrate": 34.8157393122782,
      "bitrate_target": 40,
      "time": 0.01338648796081543,
      "md5": "8a849daa29e39b73ca8b68b738d504c2",
      "thresh": 3.0,
      "scenario": "vss",
      "filename": "C_03_CHOP_FA.wav"
    },
    "vss_C_03_COMPSPKR_MK.wav": {
      "mos": 3.97347,
      "size": 48999,
      "bitrate": 51.443782150559336,
      "bitrate_target": 40,
      "time": 0.01511383056640625,
      "md5": "da30806e2ba483ed15a6eb55e3e28fc7",
      "thresh": 3.0,
      "scenario": "vss",
      "filename": "C_03_COMPSPKR_MK.wav"
    },
    "vss_C_04_COMPSPKR_MK.wav": {
      "mos": 4.42117,
      "size": 45858,
      "bitrate": 52.32364601954691,
      "bitrate_target": 40,
      "time": 0.010426998138427734,
      "md5": "a8072f21a1754c63f46d43221dd321d6",
      "thresh": 3.0,
      "scenario": "vss",
      "filename": "C_04_COMPSPKR_MK.wav"
    },
    "vss_C_04_CHOP_FA.wav": {
      "mos": 3.79005,
      "size": 40837,
      "bitrate": 35.06709145560052,
      "bitrate_target": 40,
      "time": 0.015300989151000977,
      "md5": "d922f23f04eede69597f5a716b6aa8f9",
      "thresh": 3.0,
      "scenario": "vss",
      "filename": "C_04_CHOP_FA.wav"
    },
    "vss_C_05_COMPSPKR_MK.wav": {
      "mos": 3.96237,
      "size": 43154,
      "bitrate": 50.191376868136125,
      "bitrate_target": 40,
      "time": 0.012508392333984375,
      "md5": "6b00ad535c20175c45311a52c4dbde09",
      "thresh": 3.0,
      "scenario": "vss",
      "filename": "C_05_COMPSPKR_MK.wav"
    },
    "vss_C_05_CHOP_FA.wav": {
      "mos": 3.78834,
      "size": 45549,
      "bitrate": 36.4392,
      "bitrate_target": 40,
      "time": 0.01694798469543457,
      "md5": "20cdc26014dde80e9068ce7089c69ca5",
      "thresh": 3.0,
      "scenario": "vss",
      "filename": "C_05_CHOP_FA.wav"
    },
    "vss_C_06_CHOP_FA.wav": {
      "mos": 3.9769,
      "size": 39375,
      "bitrate": 34.944911288737266,
      "bitrate_target": 40,
      "time": 0.011541604995727539,
      "md5": "47745c711a643aaae75c21db398283b8",
      "thresh": 3.0,
      "scenario": "vss",
      "filename": "C_06_CHOP_FA.wav"
    },
    "vss_C_06_COMPSPKR_MK.wav": {
      "mos": 4.14833,
      "size": 43320,
      "bitrate": 47.37297730878676,
      "bitrate_target": 40,
      "time": 0.011954784393310547,
      "md5": "6f89191fbaec4575f30cca82404c4b99",
      "thresh": 3.0,
      "scenario": "vss",
      "filename": "C_06_COMPSPKR_MK.wav"
    },
    "vss_C_07_CHOP_FA.wav": {
      "mos": 3.92269,
      "size": 39743,
      "bitrate": 34.729474733407066,
      "bitrate_target": 40,
      "time": 0.010241508483886719,
      "md5": "e135c3845f97f536860395bb6d7a3bb7",
      "thresh": 3.0,
      "scenario": "vss",
      "filename": "C_07_CHOP_FA.wav"
    },
    "vss_C_07_COMPSPKR_MK.wav": {
      "mos": 3.94163,
      "size": 48419,
      "bitrate": 51.87040486961962,
      "bitrate_target": 40,
      "time": 0.01897740364074707,
      "md5": "2422516fe3bdcc8c26ea686387a42803",
      "thresh": 3.0,
      "scenario": "vss",
      "filename": "C_07_COMPSPKR_MK.wav"
    },
    "vss_C_08_COMPSPKR_MK.wav": {
      "mos": 4.63788,
      "size": 38343,
      "bitrate": 42.82040901793816,
      "bitrate_target": 40,
      "time": 0.011537790298461914,
      "md5": "00d74169aa5eeea465c23781edd09963",
      "thresh": 3.0,
      "scenario": "vss",
      "filename": "C_08_COMPSPKR_MK.wav"
    },
    "vss_C_08_CHOP_FA.wav": {
      "mos": 4.25805,
      "size": 39540,
      "bitrate": 36.06096025986874,
      "bitrate_target": 40,
      "time": 0.011227607727050781,
      "md5": "421d61d62fa48a23d9bfd43b82ebe0df",
      "thresh": 3.0,
      "scenario": "vss",
      "filename": "C_08_CHOP_FA.wav"
    },
    "vss_C_09_CHOP_FA.wav": {
      "mos": 3.9958,
      "size": 34348,
      "bitrate": 34.94784480828948,
      "bitrate_target": 40,
      "time": 0.012373685836791992,
      "md5": "4345cb8efe8ebf61d6c67459cdbd58b9",
      "thresh": 3.0,
      "scenario": "vss",
      "filename": "C_09_CHOP_FA.wav"
    },
    "vss_C_10_CHOP_FA.wav": {
      "mos": 3.79385,
      "size": 38121,
      "bitrate": 34.564134530926815,
      "bitrate_target": 40,
      "time": 0.009844303131103516,
      "md5": "2be0a648516913b3066cfefaca422a5a",
      "thresh": 3.0,
      "scenario": "vss",
      "filename": "C_10_CHOP_FA.wav"
    },
    "vss_C_09_COMPSPKR_MK.wav": {
      "mos": 4.30188,
      "size": 45544,
      "bitrate": 50.997550563370424,
      "bitrate_target": 40,
      "time": 0.009689807891845703,
      "md5": "e22a86674aed1fb9be65c96ff5d60924",
      "thresh": 3.0,
      "scenario": "vss",
      "filename": "C_09_COMPSPKR_MK.wav"
    },
    "vss_C_10_COMPSPKR_MK.wav": {
      "mos": 4.44836,
      "size": 43457,
      "bitrate": 47.77093650717967,
      "bitrate_target": 40,
      "time": 0.017305374145507812,
      "md5": "5a826f0226a2c0f40d919dad319047b2",
      "thresh": 3.0,
      "scenario": "vss",
      "filename": "C_10_COMPSPKR_MK.wav"
    },
    "vss_C_11_CHOP_FA.wav": {
      "mos": 4.3308,
      "size": 33414,